product_name	clicks
Dark Cherry/cafe Creme Reversible Lace Up Top	15917
Shiny Copper Cheeky Goddess Bottom	11935
Aqua Sequins Sequin String Bikini Bottom	9029
Brazilian Sand Crochet High Neck Halter	7446
Purple Wave Halter Ring Bikini Top	6482
Lipstick Sequins Enhancer Push Up Triangle	5234
Heart Breaker Ruffle Tie Side Bottom	5068
Navy Blue Enhancing Valentina Push Up	4117
Black Cheeky Goddess Bottom	4091
Baby Blue/jet Black Reversible Cheeky Bottom	3831
Dark Cherry/cafe Creme Reversible Knot Triangle	3466
Aruba Fold Waist Moderate Bottom	3428
White Ruffle Trim Detail Dress	3425
Black & White Stripe Sash Tie Bottom	3358
Shiny Copper High Neck Bikini Top	3294
Perfectly Pink Ring Side Bikini Bottom	3269
Dark Cherry/cafe Creme Reversible Cheeky Bottom	3209
Red Ruched Tank Dress	3072
Sugar Swizzle/cafe Creme Reversible High Leg Bottom	2986
Black Cheeky Tie Side Bottom	2974
Pink Halter Handkerchief Dress	2966
Blissfully Blue Ring Side Bikini Bottom	2938
Dark Wash Off The Shoulder Denim Top	2926
Navy & White Dot Sash Tie Bottom	2826
Smitten Kitten Triangle Bikini Top	2815
Perfectly Pink Underwire Halter Bikini Top	2802
Jaded Perfect Push Up Bikini Bra	2749
Black Bodycon Mixed Media Dress	2670
Aquamarine Sequins Enhancer Push Up Triangle	2561
Purple Wave Ring Bikini Bottom	2558
Papaya Orange Vixen Low Rise Bottom	2494
Cheetah Print Fold Waist Bikini Bottom	2471
Nile Green/sugar Swizzle Reversible High Leg Bottom	2423
Sunny Yellow Goddess Enhancer Push Up	2367
Perfectly Pink Low Rise Bikini Bottom	2355
Deco Rose High Neck Bikini Top	2330
Bright White Perfect Push Up Bikini Bra	2307
Dark Teal Ruched Tank Dress	2263
Olive Camouflage Studded Push Up Top	2261
Brazilian Sand Goddess Enhancer Push Up	2230
Black Printed V	2225
Lipstick Sequins Sequin String Bikini Bottom	2156
Chocolate Sequins Sequin String Bikini Bottom	2102
Jungle Mosaic Halter Bikini Top	2098
White Bridal Babydoll Set	2090
Shimmering Rose String Side Bikini Bottom	2040
Sunny Yellow String Side Bikini Bottom	1948
Baby Blue/jet Black Reversible Lace Up Top	1933
Navy Embellished Trim Dress	1918
Black Sleeve Detail Floral Dress	1912
Brown Plunge Bell Sleeve Bodysuit	1881
Tropical Sunset Goddess Low Rise Bottom	1798
Watermelon Tie Dye Marilyn Push Up Bra Top	1680
Mystique Marilyn Push Up Bra Top	1678
Paisley Paradise Low Rise Bottom	1667
Multi Color Striped Bodycon Dress	1649
Jungle Mosaic Flirty Banded Bikini Bottom	1630
Black & Sahara Goddess Triangle Bikini Top	1621
Leopard Sequins Sequin String Bikini Bottom	1605
Red One Shoulder Detail Dress	1577
White Lace Trim Casual Top	1571
Fuchsia Ruffle Detail Long Dress	1514
Red Hot Cheeky Goddess Bottom	1443
Pink Abstract Printed Maxi Dress	1413
Black Printed Lace Detail Dress	1409
Cobalt Blue Perfect Push Up Bikini Bra	1401
Floral Fiesta Underwire Bandeau Top	1396
Ladies Night Reversible String Bottom	1367
Chocolate Dot Push Up Bra Top	1353
Raving Paisley Goddess Triangle Bikini Top	1352
Black Off The Shoulder Dress	1350
Lipstick Pink Perfection Push Up Halter	1322
Sugar Swizzle/cafe Creme Reversible One	1312
Shimmering Rose Triangle Bikini Top	1306
Army Green Enhancing Valentina Push Up	1254
Purple Abstract Print Maxi	1252
Avalon String Side Bikini Bottom	1249
Floral Fiesta Low Rise Bikini Bottom	1238
Sunset Palms Low Rise Bikini Bottom	1235
Nile Green Low Rise Ruched Bottom	1216
Blissfully Blue Underwire Halter Bikini Top	1202
Bright White Caress Sport Top	1201
Midnight Shimmer String Side Bikini Bottom	1181
Black Ruffle Off The Shoulder Top	1168
Shiny Copper Spellbound Monokini	1167
Blue Bell Sleeve Lace Dress	1154
Taupe Sequin Detail Party Dress	1147
Seaside String Side Bikini Bottom	1137
Egyptian Gold String Side Bikini Bottom	1124
Papaya Orange Caress Sport Top	1072
Black Pop High Waist Moderate Bottom	1032
Sangria Goddess Enhancer Push Up	1010
Dainty Decor Pom Pom Bikini Bottom	1000
Light Pink Ruched Mesh Bodycon Dress	991
Pink Lemonade Reversible Triangle Top	959
Ocean Coral Tie Side Bikini Bottom	942
Black Ruffle Trim Detail Dress	940
Black Floral Applique Dress	917
Aruba Loop Tie Side Bikini Bottom	915
Tropical Escape Fold Waist Bottom	905
Blush Ruffle Detail Dress	903
Blue Cold Shoulder Jumpsuit	898
Bright Magenta Perfect Push Up Bikini Bra	897
Denim Lace Pom Pom Bikini Bottom	896
Light Wash Cut Out Detail Jeans	894
Black Mesh Detail Bodycon Dress	890
Truly Tropical Lovely Lift Wrap Bikini Top	886
Coral Stripe Pants	875
Stone & Coral Goddess Triangle Bikini Top	859
White Floral Detail Pants	857
True Teal Goddess Enhancer Push Up	850
Papaya Orange Goddess Enhancer Push Up	835
Black & White Striped Pants	817
Pink Lemonade Reversible String Bottom	803
Plus Size Black Ruffle Trim Detail Dress	791
Blue Drape Detail Print Dress	782
Blush Smocked Mesh Detail Top	777
Bright White Vixen Bikini Top	776
Navy & White Dot Push Up Bra	771
Army Green Perfect Push Up Bikini Bra	769
Orange Cut Out Maxi Dress	752
Baby Blue/jet Black Reversible Knot Triangle	748
Black & White Stripe Push Up Bra	739
Aqua Embellished Print Dress	736
Citrus Ruched Tank Dress	728
Black Ribbed Plunge Bodysuit	722
Sunset Stripe Marilyn Push Up Bra Top	720
Denim Lace Pom Pom Triangle Top	712
Black Paisley Print Dress	702
Electric Green Tie Side Bikini Bottom	701
Black Sleeve Detail Dress	698
Gold Plunging V	697
Periwinkle Goddess Low Rise Bottom	697
Pink Kissable Lace Ruffle Skirt	696
Blue Open Back Bodycon Dress	685
Gypsy Orchid Triangle Bikini Top	676
Taupe Faux Wrap Detail Tank Dress	675
Yellow Strappy Bodycon Dress	666
Navy Chiffon Cape Dress	663
Pink High Low Printed Dress	655
Sunny Yellow Tie Side Bikini Bottom	647
Orange Boho Print Maxi Dress	641
Jungle Trail Marilyn Push Up Bra Top	635
Navy Drape Detail Printed Dress	634
Brazilian Sand & Sangria Slimming Draped One	629
Fierce Mint High Waist Moderate Bottom	627
Wisteria/sugar Swizzle Reversible Cheeky Bottom	627
Pink Muse Low Rise Bikini Bottom	625
Midnight Shimmer Triangle Bikini Top	621
Black Sequin Cold Shoulder Dress	615
Dark Purple Waist Detail Jumpsuit	613
Leopard Sequins Sequin Thong Bottom	603
Navy Strappy Detail Top	602
Magenta Off The Shoulder Dress	599
Black Plunging Neck Long Dress	596
Black Plunging Print Maxi Dress	594
Black Printed Handkerchief Dress	592
Cobalt Blue Enhancing Valentina Push Up	587
White & Black Stripe Low Rise Bikini Bottom	587
Bright White Enhancing Valentina Push Up	585
Pink Lace Trim Top	577
Black Mixed Media Bodycon Dress	573
Ladies Night Reversible Triangle Top	571
Magenta Ruffle Detail Dress	565
Blue Tile Print Dress	554
Dark Cherry/cafe Creme Reversible Bandeau Top	554
Black Embellished Jumpsuit	553
Blue Floral Print Maxi Dress	538
Mykonos Blue Lovely Lift Wrap Bikini Top	537
Pink Embellished Print Top	536
Watermelon Vintage Pretzel One	532
Green Sleeveless Knot Front Dress	517
Light Navy Strappy Surplice Top	515
Black High Neck Sheer Negligee	504
Black Carousel String Side Bikini Bottom	503
Limoncello Perfect Push Up Bikini Bra	498
Wisteria/sugar Swizzle Reversible Knot Triangle	496
Black Ruched Bell Sleeve Top	467
Tidal Wave Ruffle Bandeau Tankini Top	467
Ecru Floral Long Dress	464
Navy Paisley Print Maxi Dress	460
Floral Fiesta Loop Tie Side Bikini Bottom	457
Brazilian Sangria Underwire Halter Top	455
Ultra Violet Full Coverage Bra Top	455
Cobalt Sequins Sequin String Bikini Bottom	451
Coral Lace Trim Top	448
Black & White Vintage Pretzel One	447
Maui Tropical Underwire Push Up Top	443
Baby Blue/jet Black Reversible Tank One	442
Black Printed Bodycon Dress	435
Sugar Swizzle/cafe Creme Reversible Bandeau Top	430
Plus Size Light Pink Ruched Mesh Bodycon Dress	426
Gold Fringe Detail Bodycon Dress	424
Plus Size Yellow Strappy Bodycon Dress	421
Navy Zipper Detail Bodycon Dress	419
Papaya Orange Beach Bella Halter Top	418
Black & White Stripe Lace Up Sport Bikini Top	413
Grey Lace Up Detail Jeans	409
White Sleeve Detail Dress	403
Grey Embellished Cut Out Top	396
Go Wild Underwire Bandeau Top	391
Emerald Peplum Detail Dress	387
Black Slimming Fringe Dress	385
Orange Sleeve Detail Dress	381
Dusty Rose Embellished Velvet Leggings	375
Purple Paisley Print Maxi Dress	375
Plus Size Dark Wash Off The Shoulder Denim Top	371
Turquoise Mesh High Neck Bikini Top	370
Grey Lace Detail Bodycon Dress	362
White Heart Lace Bodysuit	359
Blue Print Bodycon Dress	357
Luxe Leather Goddess Triangle Bikini Top	353
Papaya Orange & White Goddess Triangle Bikini Top	353
Black Embellished Print Top	352
Blue Lace Ombre Top	351
Brown Cut Out Printed Maxi Dress	351
Black Button Detail Wide Pants	350
Medallion Splash Fold Waist Bottom	350
Sunrise Sorbet Goddess Low Rise Bottom	347
Teal Smocked Tie Dye Dress	347
White Long Sweater Dress	346
Electric Palm Pom Pom Bikini Bottom	346
Black Vintage Dot Slimming Draped One	343
Red Ruffle Detail Bodycon Dress	341
Reef Green Perfect Push Up Bikini Bra	339
Watermelon Knot Detail Push Up Top	336
Taupe Crochet Fringe Sweater	335
Black Crochet Sport Bikini Top	333
Black & White Stripe Low Rise Bikini Bottom	331
Black Sequin Detail Long Dress	331
Black Spellbound Monokini	327
Black Embellished Mesh Bodysuit	325
Papaya Orange String Side Bikini Bottom	325
Plus Size White Ruffle Detail Dress	324
Watermelon Enhancing Valentina Push Up	322
Teal Bow Detail Dress	316
Black & White Color Block Top	315
Shiny Copper Thong Bottom	314
Burgundy Cold Shoulder Ruffle Top	308
Tropical Sunset Goddess Full Tankini	306
White Paisley Print Maxi Dress	306
Ionian Sea Goddess Enhancer Push Up	302
Turquoise Blouson Tankini Top	301
Blissfully Blue Low Rise Bikini Bottom	300
Olive & Black Corset Detail Bodycon Dress	300
Black Lace Bodice Mesh Bodysuit	297
White Striped Maxi Dress	296
Sensational High Waist Moderate Bottom	294
Turquoise Sweetheart Monokini	292
White Cut Out Detail Jeans	292
Aqua Reef Caress Sport Top	289
Pink High Low Print Dress	287
Teal Waist Detail Dress	277
Deco Rose Perfect Push Up Bikini Bra	275
Hues Of Blue Underwire Bandeau Top	275
Navy Color Block Dress	275
Lavender Ombre Lace Long Dress	274
Beach Chic Underwire Halter Top	271
Orange Grommet Detail Dress	271
Lovely Hibiscus Beach Bella Halter Top	269
Shiny Copper Perfect Push Up Bikini Bra	269
Electric Green Crisscross Sport Top	264
Black Lace Detail Choker Top	263
Red Lace Detail Sweater Dress	263
Mykonos Blue Goddess Low Rise Bottom	262
Sun Setter Stripe Pom Pom Triangle Top	262
Safari Romp Goddess Triangle Bikini Top	261
Navy & White Dot Underwire Bra Top	257
Pink Trim Detail Bodycon Dress	253
Black Strappy Back Bodycon Dress	250
Dark Purple Color Skinny Jeans	248
Black Perfect Push Up Bikini Bra	246
Electric Green Knot Detail Push Up Top	246
Baby Blue/jet Black Reversible One	244
Navy Floral Print Maxi Dress	242
Red Hot Perfect Push Up Bikini Bra	242
Black & White Stripe Push Up Bikini Top	241
Watermelon Perfect Push Up Bikini Bra	241
Blue Print Casual Dress	240
Plus Size Navy Strappy Detail Top	240
White & Black Stripe Push Up Bikini Top	236
White Floral Print Pants	236
Black Bodycon Sequin Dress	233
Plus Size Magenta Ruffle Detail Dress	233
White Open Back Lace Bodysuit	226
Wisteria/sugar Swizzle Reversible Tank One	225
Pink Tie Dye Maxi Dress	224
Paisley Paradise Double Strap Underwire Top	222
Black Embroidered Mesh Blouse	221
Desert Sand Marilyn Push Up Bra Top	220
Lilac Grey Enhancer Push Up Triangle	215
Papaya Orange Valentina Low Rise Bottom	215
Pink Surplice Floral Dress	215
Wisteria/sugar Swizzle Reversible Bandeau Top	213
Red Hot Dot Push Up Bra Top	211
Wisteria/sugar Swizzle V Neck Reversible One	210
Baby Blue/jet Black V Neck Reversible One	209
Pink Embellished Print Dress	207
Dark Purple & Black Lace Detail Sweater Dress	206
Pop Art Palms Tie Side Bikini Bottom	205
Mykonos Blue High Neck Keyhole Top	201
Blissful Garden Blouson Tankini Top	199
Black Lace Detail Bodycon Dress	198
Hawaiian Palms Halter Bikini Top	198
Heart Breaker Underwire Bandeau Top	198
Hawaiian Palms Bandeau Top	197
Blush Lace Detail Dress	195
Plus Size Taupe Crochet Detail Top	195
Hawaiian Palms Underwire Bandeau Top	193
White Cold Shoulder Crochet Dress	192
Plus Size Black Off The Shoulder Dress	191
Red High Low Lace Romper	191
White & Black Stripe Lace Up Sport Bikini Top	191
Sunrise Sorbet Blouson Tankini Top	189
Black Dot Push Up Bra Top	187
Burnt Orange Lace Up Detail Dress	187
Electric Palm Pom Pom Triangle Top	187
Red Cut Out Long Sleeve Top	186
Plus Size Purple Paisley Print Maxi Dress	185
Cobalt Blue Spellbound Monokini	184
Kombu Green Drape Detail Dress	184
Brown Leopard Print Maxi Dress	183
Black Tie Detail Dress	181
Sunland Paisley Ruched Waist Bottom	181
Navy Floral Print Wrap Dress	177
Grey Slimming Color Block Dress	176
Midnight Sorbet Blouson Tankini Top	176
Plus Size Red Ruffle Detail Bodycon Dress	176
Dainty Decor Pom Pom Triangle Top	174
Medallion Splash Color Block Push Up Bra Top	173
Black Cheeky Panty Buy 3 For $19	172
Papaya Orange Triangle Bikini Top	172
Plus Size Dark Purple Waist Detail Jumpsuit	171
Burnt Coral Strappy Detail Top	167
Cobalt & White Tankini Top	167
Aqua Reef Enhancing Valentina Push Up	166
Black Pop Blouson Tankini Top	165
Black Zip Detail Top	164
Watermelon Vixen Bikini Top	164
Plus Size Navy Drape Detail Printed Dress	160
Grey Off The Shoulder Dress	159
Red & Black Plaid Fringe Sweater	159
Black Strappy Detail Jumpsuit	157
Painted Sun Sweetheart Monokini	157
Plus Size White Ruffle Trim Detail Dress	156
Red Ruched Bodycon Dress	156
Lilac Grey One Shoulder Bralette	154
Maroon Ruched Tank Dress	154
Red Kissable Strappy Panties	154
Black Sleeve Detail Jumpsuit	153
Turquoise Marilyn Push Up Bra Top	153
Black Floral Bodycon Dress	151
Navy Blue Embellished Halter Top	149
Smitten Kitten Perfect Fit Halter Top	148
Sunland Paisley Low Rise Bikini Bottom	147
White Off The Shoulder Tunic	147
Navy High Low Floral Dress	145
Black Lace Deep V Bodysuit	142
Teal Teal Tie Dye Maxi	142
Sunny Yellow Goddess Low Rise Bottom	141
Taupe Crochet Detail Top	140
Black Color Block Bodycon Dress	137
Pink Muse Scoop Front Bikini Bottom	137
Black & White Polka Dot Top	135
Wine Knee Length Linen Skirt	135
Yellow Embroidered Babydoll Halter	131
Vintage Vibes Dot Slimming Draped One	129
Olive Button Detail Wide Pants	125
Brazilian Sand Alluring High Neck Top	124
Light Pink Embroidered Detail Dress	123
Nile Green Fixed Triangle Bikini Top	123
Paisley Perfection Enhancer Push Up Bra	123
Papaya Orange Cheeky Bottom	121
Light Wash Belted Denim Dress	120
Sangria High Neck Keyhole Top	117
Papaya Orange Goddess Full Tankini	116
Wisteria/sugar Swizzle Reversible One	116
Yellow Tie Dye Tank Dress	115
Black Embellished Halter Top	114
Black Embellished Neck Trim Top	113
Dark Cherry/cafe Creme V Neck Reversible One	113
Blue Tie Dye Tank Dress	112
Emerald Crochet Keyhole Top	112
Pink Ruched Applique Dress	112
Malibu Dream Triangle Bikini Top	111
Off White & Black Long Ruffle Back Blazer	111
Plus Size Black Strappy Detail Top	111
White Ruffle Detail Jumpsuit	110
Turquoise Strappy Detail V	109
Blue & White Kissable Shimmer Lace Bra	108
Navy Color Block Bodycon Dress	108
Purple Zip Detail Top	108
Black Faux Leather Midi Dress	107
Desert Sand Enhancer Push Up Triangle	105
Olive Jean Jacket	105
Uptown Chic Charming Full Bra Top	105
Black Lace Peek	104
Blue Cold Shoulder Wrap Top	104
Brown Leopard Romper	104
Camouflage Camouflage Cargo Pants	104
White Embroidered Detail Dress	104
Dark Purple Key Hole Detail Dress	103
Off White Paisley Boho Dress	103
Blush Bead Detail Blouse	102
Pink Drape Detail Dress	102
Pink Heart Back Babydoll	102
Red & White Floral Casual Dress	102
Blue Print Sleeve Detail Dress	101
Army Green Embellished Halter Top	100
White Chiffon Jumpsuit	100
Cafe Creme Low Rise Ruched Bottom	99
Mykonos Blue Alluring High Neck Top	99
Heather Grey Knot Detail Shirt Dress	98
Charcoal Low Rise Ruched Bottom	97
Ocean Coral Enhancer Push Up Triangle	97
Tan Crochet Off Shoulder Top	97
Light Wash Embroidered Jeans	96
Aqua Reef & Cobalt Blue Vintage Pretzel One	95
Mykonos Blue Crochet Sport Bikini Top	95
White Tiered Bell Sleeve Top	95
Cream Zip Detail Sweater Dress	94
Plus Size Red Lace Detail Sweater Dress	94
Light Blue Tie Front Print Top	93
Plus Size Light Blue Slimming Bodycon Dress	93
Limoncello Ruched Waist Bikini Bottom	92
Miami Crush Tankini Top	92
Black Seamless Cut Out Top	91
Papaya Orange Enhancer Push Up Bra	91
Pepper Slimming Halter One	90
True Teal Perfection Push Up Halter	90
Aqua Reef Embellished Halter Top	89
Plus Size White Lace Trim Top	89
Blue Sleeve Detail Dress	88
Plus Size Blue Print Bodycon Dress	88
Blue Strappy Back Bodycon Dress	86
Burgundy Mosaic Ring Side Low Rise Bottom	86
Baby Blue/jet Black Reversible Bandeau Top	85
Pink Glitter Ombre Lace Top	84
Blue Embellished Print Top	83
Navy & White Polka Dot Jumpsuit	83
Red Cheeky Panty Buy 3 For $19	83
Gold Drape Detail Metallic Dress	81
Light Pink Keyhole Mini Dress	81
Pink Ruched Printed Maxi Dress	80
Plus Size White Floral Detail Pants	79
Papaya Orange Underwire Halter Bikini Top	78
Plus Size Black Lace Detail Sweater Dress	77
Plus Size Green Sleeveless Knot Front Dress	77
Black Lace Back Detail Long Dress	76
Plus Size Teal Bow Detail Dress	76
Lipstick Pink Blouson Tankini Top	75
Light Pink Ruffle Top	74
Plus Size Pink Embellished Print Dress	73
Heather Grey Ruched Tank Dress	72
Olive Asymmetrical Button Jacket	72
Orange Cold Shoulder Paisley Top	72
Light Blue Fringe Detail Top	70
Safari Romp Color Block Mid Rise Bottom	70
Light Pink Cuff Detail Dress	69
Navy Blue Vintage Pretzel One	69
Black Crochet Cold Shoulder Top	67
Black Ribbed Back Detail Dress	67
Dark Wash Lace Up Denim Jumpsuit	66
Plus Size Navy Floral Print Wrap Dress	65
Black Long Sleeve Bodycon Dress	64
Black Cold Shoulder Dress	63
Black Venus Razor One	63
Sun Setter Stripe Pom Pom Bikini Bottom	63
Wine Off	61
Burnt Orange Cut Out Mock Neck Top	60
Plus Size Black Long Drape Dress	60
Plus Size Blush Ruffle Detail Dress	59
Blue Patch Print Trim Detail Top	58
Dark Red Crochet Detailed Sweater	58
Plus Size Light Pink Slimming Bodycon Dress	58
Purple Passion Ruffle Edge Low Rise Bottom	58
Sun Setter Stripe Underwire Retro Bikini Top	58
Black Lace Up Back Detail Top	57
Dark Tan Lounge Set	57
Plus Size Black Floral Applique Dress	57
Army Green Caress Sport Top	56
Mint Ombre Lace Long Dress	56
Plus Size Brown Python Printed Romper	56
Plus Size Brown Tie Dye Tie Front Top	56
Plus Size Burgundy Cold Shoulder Ruffle Top	56
Plus Size Dark Grey Cut Out Long Sleeve Top	56
Plus Size Plum Gorgeous Skirted Swim Bikini Bottom	56
Red Tie Dye Maxi Dress	56
Wine & Black Sleeve Detail Dress	56
Blue Floral Off The Shoulder Top	54
Plus Size Light Brown Strappy Detail Top	54
Black High Low Print Dress	53
Black Pearl Detail Bodycon Dress	53
Lotus Flowers Bohemian One	53
Black Lace Halter Teddy	52
Brown Python Printed Romper	52
Navy Button Front Maxi Dress	52
Cool Sahara Dunes Low Rise Bikini Bottom	52
Plus Size White One Shoulder Jumpsuit	52
Black 3D Floral Long Dress	51
Dark Grey Belted Pant Suit Set	51
Plus Size Navy Color Block Dress	51
Plus Size Olive Button Detail Linen Pants	51
Yellow Kissable Long Line Lace Bra	51
Black & White Color Block Lace Up Dress	50
Black Printed High Low Dress	50
Black Chiffon Detail Dress	49
Green High Low Ruffle Dress	49
Grey Embellished Sweater Dress	49
Papaya Orange Blouson Tankini Top	49
Pink Floral Bodycon Dress	49
Retro Floral Twist Front Underwire Top	49
Camel Ruffle Detail Mini Dress	48
Brown Tie Dye Tie Front Top	47
Light Pink Slimming Bodycon Dress	47
Native Stripes Fold Waist Bottom	47
White One Shoulder Jumpsuit	47
Blue Tie Detail Dress	46
Lilac Grey Scoop Front Bikini Bottom	46
Lovely Hibiscus Enhancer Push Up Bra	46
Plus Size Black Bodycon Mixed Media Dress	46
Plus Size Light Wash Cut Out Detail Jeans	46
Black & White Strappy Front Enhancer Top	45
Black Embroidered Cup Chemise	45
Black Kissable Strappy Panties	45
Black Lace Up Smocked Waist Top	45
Black Zip Detail Casual Dress	45
Off White Button Back Detail Sweater	45
Army Green Cheeky Bottom	44
Plus Size Black Sleeve Detail Dress	44
Plus Size Orange Grommet Detail Dress	44
White Print Casual Romper	44
Blue Macaroon Perfect Push Up Bikini Bra	43
Cobalt Blue Embellished Halter Top	43
Dark Purple Overlay Detail Jumpsuit	43
Gold Open Back Lace Dress	43
Plus Size Light Blue High Low Print Top	43
Black Deep V Sheer Lace Negligee	42
Dark Grey Slimming Mock Neck Dress	42
Plus Size Blue Open Back Bodycon Dress	42
Plus Size Navy High Low Floral Dress	42
Plus Size Purple Ruched Detail Dress	42
Black & White Ruffle Detail Jumpsuit	41
Plus Size Black Faux Wrap Dress	41
White Embroidered Detail Blouse	41
Black Applique Detail Dress	40
Black High Waisted Stripe Pant	40
Light Blue Slimming Bodycon Dress	40
Navy Blue Caress Sport Top	40
Plus Size Grey Off The Shoulder Dress	40
Smitten Kitten Sharkbite Hem Tankini	40
Blossoming Brights Enhancer Push Up Bra	39
Mint Ruffles And Lace Babydoll	39
Sahara Dot Slimming One	39
Black Graphic Print Top	38
Grey & Black Color Block Hooded Cardigan	38
Light Blue High Low Print Top	38
Periwinkle Ruched Waist Bottom	38
Stars Goddess Triangle Bikini Top	38
Black High Neck Bikini Top	37
Citrus Sleeve Detail Top	37
Plus Size Orange Boho Print Maxi Dress	37
Sunny Yellow Crisscross Sport Top	37
Taupe Buckle Detail Boots	37
Black & White Trim Detail High Low Blazer	36
Bright Pink Knot Front Sleeveless Top	36
Plus Size Denim Two Tone Jeans	36
Plus Size Fuchsia Ruffle Detail Long Dress	36
Red Sleeve Detail Top	36
Plus Size Black Embellished Neck Trim Top	35
Spot The Dot Ruched Waist Bottom	35
Black And White Vintage Pretzel One	34
Black Sleeve Detail Top	34
Navy Handkerchief Hem Dress	34
Purple Ruched Detail Dress	34
Wine Slimming One	34
Black Printed Keyhole Top	33
Black Bodycon Dress	32
Cream Banded Bottom Dress	32
Black & Beige Sleeve Detail Dress	31
Navy Track Suit Dress	31
Plus Size Black Lace Back Detail Long Dress	31
Teal Mixed Print Mini Dress	31
Black & White Tankini Top	30
Maroon Cut Out Long Sleeve Top	30
Plus Size Navy Paisley Print Maxi Dress	30
White & Black Tankini Top	30
White Lace Peek	30
Black Pleated Sweater Dress	29
Navy & Bright White Bohemian One	29
Navy Back Detail Top	29
Navy Button Detail Jumpsuit	29
Seaside Strappy Triangle Bikini Top	29
Black Sequin Poncho Top	28
Blue Lace Up Detail Top	28
Cream Lace Cold Shoulder Top	28
Ivory Kissable Lace Demi Push Up	28
Navy Lace Racerback Babydoll	28
Aqua Reef Crisscross Sport Top	27
Blue Printed Maxi Dress	27
Cobalt Blue Cheeky Bottom	27
Bright White Enhancer Push Up Bra	26
Brown Satin Cargo Pants	26
Plus Size Navy Zip Front Lounge Dress	26
White Ruffle Detail Printed Dress	26
Black Chiffon Detail Duster	25
Bright Magenta Ruched Waist Bikini Bottom	25
Navy Cold Shoulder Print Top	25
Plus Size Purple Zip Detail Top	25
Plus Size Red & White Floral Casual Dress	25
Red Mixed Media Dress	25